Category	Restaurant A 	Restaurant B	Restaurant C
Beef & Pork	494	315	605
Beverages	113.7037037	80	145
Breakfast	526.6666667	450	650
Chicken & Fish	552.962963	432	350
Coffee & Tea	283.8947368	234	345
Desserts	222.1428571	634	287
Salads	270	240	321
Smoothies & Shakes	531.4285714	589	511
Snacks & Sides	245.7692308	200	321
